{
    "root": true,
    "extends": "jquery",
    // Support: IE <=9 only, Android <=4.0 only
    // The above browsers are failing a lot of tests in the ES5
    // test suite at http://test262.ecmascript.org.
    "parserOptions": {
        "ecmaVersion": 3
    },
    // The browser env is not enabled on purpose so that code takes
    // all browser-only globals from window instead of assuming
    // they're available as globals. This makes it possible to use
    // jQuery with tools like jsdom which provide a custom window
    // implementation.
    "env": {},
    "globals": {
        "window": true,
        "jQuery": true,
        "define": true,
        "module": true,
        "noGlobal": true
    },
    "rules": {
        "strict": [
            "error",
            "function"
        ]
    }
}
